{"cameraMode":{"drawMode":0,"name":"Shaded","section":"Shading Mode"},"sceneLighting":false,"audioPlay":false,"sceneViewState":{"showFog":true,"showMaterialUpdate":false,"showSkybox":true,"showFlares":true,"showImageEffects":true,"showParticleSystems":true},"in2DMode":false,"pivot":{"x":-19.1643009185791,"y":2.7121996879577638,"z":-201.79917907714845},"rotation":{"x":-0.3044995665550232,"y":0.6372863054275513,"z":-0.30340301990509035,"w":-0.6396036148071289},"size":22.49041748046875,"orthographic":false}