{"cameraMode":{"drawMode":0,"name":"Shaded","section":"Shading Mode"},"sceneLighting":false,"audioPlay":false,"sceneViewState":{"showFog":true,"showMaterialUpdate":false,"showSkybox":true,"showFlares":true,"showImageEffects":true,"showParticleSystems":true},"in2DMode":false,"pivot":{"x":-210.87258911132813,"y":6.0902485847473148,"z":-229.4164581298828},"rotation":{"x":-0.2906067967414856,"y":0.6779589653015137,"z":-0.33659783005714419,"w":-0.5853385329246521},"size":37.30195999145508,"orthographic":false}