{"cameraMode":{"drawMode":0,"name":"Shaded","section":"Shading Mode"},"sceneLighting":false,"audioPlay":false,"sceneViewState":{"showFog":true,"showMaterialUpdate":false,"showSkybox":true,"showFlares":true,"showImageEffects":true,"showParticleSystems":true},"in2DMode":false,"pivot":{"x":242.41409301757813,"y":5.380021572113037,"z":-234.3043975830078},"rotation":{"x":-0.2963806688785553,"y":0.6642881631851196,"z":-0.3260928690433502,"w":-0.6037741303443909},"size":12.717549324035645,"orthographic":false}