{"cameraMode":{"drawMode":0,"name":"Shaded","section":"Shading Mode"},"sceneLighting":false,"audioPlay":false,"sceneViewState":{"showFog":true,"showMaterialUpdate":false,"showSkybox":true,"showFlares":true,"showImageEffects":true,"showParticleSystems":true},"in2DMode":false,"pivot":{"x":229.91188049316407,"y":4.749425411224365,"z":-243.4470672607422},"rotation":{"x":-0.2439640909433365,"y":0.7388978004455566,"z":-0.34230780601501467,"w":-0.5266279578208923},"size":7.016610145568848,"orthographic":false}