{"cameraMode":{"drawMode":0,"name":"Shaded","section":"Shading Mode"},"sceneLighting":true,"audioPlay":false,"sceneViewState":{"showFog":true,"showMaterialUpdate":false,"showSkybox":true,"showFlares":true,"showImageEffects":true,"showParticleSystems":true},"in2DMode":false,"pivot":{"x":11.404722213745118,"y":16.449508666992189,"z":-105.36174774169922},"rotation":{"x":0.0345439575612545,"y":-0.47729337215423586,"z":0.018786603584885598,"w":0.8778638243675232},"size":7.748176097869873,"orthographic":false}