{"cameraMode":{"drawMode":0,"name":"Shaded","section":"Shading Mode"},"sceneLighting":false,"audioPlay":false,"sceneViewState":{"showFog":true,"showMaterialUpdate":false,"showSkybox":true,"showFlares":true,"showImageEffects":true,"showParticleSystems":true},"in2DMode":false,"pivot":{"x":189.0880126953125,"y":5.454034805297852,"z":-236.30967712402345},"rotation":{"x":-0.14158456027507783,"y":0.8577337265014648,"z":-0.33053773641586306,"w":-0.36741188168525698},"size":4.547220706939697,"orthographic":false}