{"cameraMode":{"drawMode":0,"name":"Shaded","section":"Shading Mode"},"sceneLighting":false,"audioPlay":false,"sceneViewState":{"showFog":true,"showMaterialUpdate":false,"showSkybox":true,"showFlares":true,"showImageEffects":true,"showParticleSystems":true},"in2DMode":false,"pivot":{"x":-120.08002471923828,"y":3.621457099914551,"z":-245.4678192138672},"rotation":{"x":0.07004893571138382,"y":0.9124200940132141,"z":-0.362667053937912,"w":0.1762252002954483},"size":9.008161544799805,"orthographic":false}