{"cameraMode":{"drawMode":0,"name":"Shaded","section":"Shading Mode"},"sceneLighting":false,"audioPlay":false,"sceneViewState":{"showFog":true,"showMaterialUpdate":false,"showSkybox":true,"showFlares":true,"showImageEffects":true,"showParticleSystems":true},"in2DMode":false,"pivot":{"x":237.0298309326172,"y":4.085304260253906,"z":-231.83779907226563},"rotation":{"x":0.3479282855987549,"y":0.620125949382782,"z":-0.35574060678482058,"w":0.6064969301223755},"size":5.235976696014404,"orthographic":false}