{"cameraMode":{"drawMode":0,"name":"Shaded","section":"Shading Mode"},"sceneLighting":false,"audioPlay":false,"sceneViewState":{"showFog":true,"showMaterialUpdate":false,"showSkybox":true,"showFlares":true,"showImageEffects":true,"showParticleSystems":true},"in2DMode":false,"pivot":{"x":219.95555114746095,"y":3.7927732467651369,"z":-245.3106689453125},"rotation":{"x":0.005842442624270916,"y":0.8408637046813965,"z":-0.5411393046379089,"w":0.009070386178791523},"size":13.498299598693848,"orthographic":false}