{"cameraMode":{"drawMode":0,"name":"Shaded","section":"Shading Mode"},"sceneLighting":false,"audioPlay":false,"sceneViewState":{"showFog":true,"showMaterialUpdate":false,"showSkybox":true,"showFlares":true,"showImageEffects":true,"showParticleSystems":true},"in2DMode":false,"pivot":{"x":203.94290161132813,"y":5.421935558319092,"z":-238.54197692871095},"rotation":{"x":-0.0478411503136158,"y":0.9116436839103699,"z":-0.3927929401397705,"w":-0.1110440045595169},"size":6.808818340301514,"orthographic":false}