{"cameraMode":{"drawMode":0,"name":"Shaded","section":"Shading Mode"},"sceneLighting":false,"audioPlay":false,"sceneViewState":{"showFog":true,"showMaterialUpdate":false,"showSkybox":true,"showFlares":true,"showImageEffects":true,"showParticleSystems":true},"in2DMode":false,"pivot":{"x":227.8661346435547,"y":6.086380481719971,"z":-241.16259765625},"rotation":{"x":-0.0837266743183136,"y":0.8315390944480896,"z":-0.5333781838417053,"w":-0.13053873181343079},"size":6.179510116577148,"orthographic":false}