{"cameraMode":{"drawMode":0,"name":"Shaded","section":"Shading Mode"},"sceneLighting":false,"audioPlay":false,"sceneViewState":{"showFog":true,"showMaterialUpdate":false,"showSkybox":true,"showFlares":true,"showImageEffects":true,"showParticleSystems":true},"in2DMode":false,"pivot":{"x":-118.38705444335938,"y":5.3202056884765629,"z":-245.1593475341797},"rotation":{"x":0.022558443248271943,"y":0.9353901743888855,"z":-0.34763917326927187,"w":0.060690540820360187},"size":8.988662719726563,"orthographic":false}