{"cameraMode":{"drawMode":0,"name":"Shaded","section":"Shading Mode"},"sceneLighting":false,"audioPlay":false,"sceneViewState":{"showFog":true,"showMaterialUpdate":false,"showSkybox":true,"showFlares":true,"showImageEffects":true,"showParticleSystems":true},"in2DMode":false,"pivot":{"x":-65.95146942138672,"y":5.680217742919922,"z":-116.6728515625},"rotation":{"x":0.25084906816482546,"y":-0.3672492504119873,"z":0.1035546287894249,"w":0.8896511793136597},"size":5.740482330322266,"orthographic":false}