{"cameraMode":{"drawMode":0,"name":"Shaded","section":"Shading Mode"},"sceneLighting":false,"audioPlay":false,"sceneViewState":{"showFog":true,"showMaterialUpdate":false,"showSkybox":true,"showFlares":true,"showImageEffects":true,"showParticleSystems":true},"in2DMode":false,"pivot":{"x":231.93785095214845,"y":5.897507667541504,"z":-238.8727264404297},"rotation":{"x":-0.2906067967414856,"y":0.6779589653015137,"z":-0.33659783005714419,"w":-0.5853385329246521},"size":5.362092971801758,"orthographic":false}