{"cameraMode":{"drawMode":0,"name":"Shaded","section":"Shading Mode"},"sceneLighting":false,"audioPlay":false,"sceneViewState":{"showFog":true,"showMaterialUpdate":false,"showSkybox":true,"showFlares":true,"showImageEffects":true,"showParticleSystems":true},"in2DMode":false,"pivot":{"x":198.38108825683595,"y":6.16560173034668,"z":-237.51600646972657},"rotation":{"x":-0.0004634835640899837,"y":0.9224854707717896,"z":-0.3860298991203308,"w":-0.0011142735602334142},"size":7.2261881828308109,"orthographic":false}