{"cameraMode":{"drawMode":0,"name":"Shaded","section":"Shading Mode"},"sceneLighting":false,"audioPlay":false,"sceneViewState":{"showFog":true,"showMaterialUpdate":false,"showSkybox":true,"showFlares":true,"showImageEffects":true,"showParticleSystems":true},"in2DMode":false,"pivot":{"x":-17.755584716796876,"y":6.72528600692749,"z":-219.21282958984376},"rotation":{"x":-0.2139083594083786,"y":0.7800014615058899,"z":-0.3570951819419861,"w":-0.46725165843963625},"size":17.071678161621095,"orthographic":false}