{"cameraMode":{"drawMode":0,"name":"Shaded","section":"Shading Mode"},"sceneLighting":false,"audioPlay":false,"sceneViewState":{"showFog":true,"showMaterialUpdate":false,"showSkybox":true,"showFlares":true,"showImageEffects":true,"showParticleSystems":true},"in2DMode":false,"pivot":{"x":-24.46753692626953,"y":5.800373077392578,"z":-206.51718139648438},"rotation":{"x":-0.2139083594083786,"y":0.7800014615058899,"z":-0.3570951819419861,"w":-0.46725165843963625},"size":21.129039764404298,"orthographic":false}