{"cameraMode":{"drawMode":0,"name":"Shaded","section":"Shading Mode"},"sceneLighting":false,"audioPlay":false,"sceneViewState":{"showFog":true,"showMaterialUpdate":false,"showSkybox":true,"showFlares":true,"showImageEffects":true,"showParticleSystems":true},"in2DMode":false,"pivot":{"x":3.845822334289551,"y":5.404719829559326,"z":-227.32220458984376},"rotation":{"x":-0.2139083594083786,"y":0.7800014615058899,"z":-0.3570951819419861,"w":-0.46725165843963625},"size":66.00009155273438,"orthographic":false}