{"cameraMode":{"drawMode":0,"name":"Shaded","section":"Shading Mode"},"sceneLighting":false,"audioPlay":false,"sceneViewState":{"showFog":true,"showMaterialUpdate":false,"showSkybox":true,"showFlares":true,"showImageEffects":true,"showParticleSystems":true},"in2DMode":false,"pivot":{"x":-123.70365905761719,"y":4.874624729156494,"z":-237.6121063232422},"rotation":{"x":0.40554794669151308,"y":-0.06844707578420639,"z":0.03047432191669941,"w":0.9109979271888733},"size":7.310008525848389,"orthographic":false}