{"cameraMode":{"drawMode":0,"name":"Shaded","section":"Shading Mode"},"sceneLighting":false,"audioPlay":false,"sceneViewState":{"showFog":true,"showMaterialUpdate":false,"showSkybox":true,"showFlares":true,"showImageEffects":true,"showParticleSystems":true},"in2DMode":false,"pivot":{"x":236.39208984375,"y":6.271127223968506,"z":-238.1763458251953},"rotation":{"x":-0.2906067967414856,"y":0.6779589653015137,"z":-0.33659783005714419,"w":-0.5853385329246521},"size":7.368870258331299,"orthographic":false}