{"cameraMode":{"drawMode":0,"name":"Shaded","section":"Shading Mode"},"sceneLighting":false,"audioPlay":false,"sceneViewState":{"showFog":true,"showMaterialUpdate":false,"showSkybox":true,"showFlares":true,"showImageEffects":true,"showParticleSystems":true},"in2DMode":false,"pivot":{"x":-120.26625061035156,"y":4.470749855041504,"z":-240.42611694335938},"rotation":{"x":0.16997599601745606,"y":0.8027824759483337,"z":-0.2712356746196747,"w":0.5030702948570252},"size":6.367512226104736,"orthographic":false}