{"cameraMode":{"drawMode":0,"name":"Shaded","section":"Shading Mode"},"sceneLighting":false,"audioPlay":false,"sceneViewState":{"showFog":true,"showMaterialUpdate":false,"showSkybox":true,"showFlares":true,"showImageEffects":true,"showParticleSystems":true},"in2DMode":false,"pivot":{"x":-1.1949999332427979,"y":5.652000427246094,"z":1.6759998798370362},"rotation":{"x":-0.15565282106399537,"y":0.01984374411404133,"z":-0.003128889249637723,"w":-0.9876075387001038},"size":17.3617000579834,"orthographic":false}