{"cameraMode":{"drawMode":0,"name":"Shaded","section":"Shading Mode"},"sceneLighting":false,"audioPlay":false,"sceneViewState":{"showFog":true,"showMaterialUpdate":false,"showSkybox":true,"showFlares":true,"showImageEffects":true,"showParticleSystems":true},"in2DMode":false,"pivot":{"x":210.5737762451172,"y":5.270178318023682,"z":-240.91140747070313},"rotation":{"x":-0.07215356081724167,"y":0.9066759943962097,"z":-0.37782013416290285,"w":-0.17316047847270966},"size":8.96379566192627,"orthographic":false}