{"cameraMode":{"drawMode":0,"name":"Shaded","section":"Shading Mode"},"sceneLighting":false,"audioPlay":false,"sceneViewState":{"showFog":true,"showMaterialUpdate":false,"showSkybox":true,"showFlares":true,"showImageEffects":true,"showParticleSystems":true},"in2DMode":false,"pivot":{"x":-45.9165153503418,"y":6.898532867431641,"z":-153.89010620117188},"rotation":{"x":-0.2139083594083786,"y":0.7800014615058899,"z":-0.3570951819419861,"w":-0.46725165843963625},"size":118.08076477050781,"orthographic":false}