{"cameraMode":{"drawMode":0,"name":"Shaded","section":"Shading Mode"},"sceneLighting":false,"audioPlay":false,"sceneViewState":{"showFog":true,"showMaterialUpdate":false,"showSkybox":true,"showFlares":true,"showImageEffects":true,"showParticleSystems":true},"in2DMode":false,"pivot":{"x":-181.081787109375,"y":5.404718399047852,"z":-99.0534439086914},"rotation":{"x":0.03557033836841583,"y":0.9471780061721802,"z":-0.29800692200660708,"w":0.11305113136768341},"size":310.309814453125,"orthographic":false}