{"cameraMode":{"drawMode":0,"name":"Shaded","section":"Shading Mode"},"sceneLighting":false,"audioPlay":false,"sceneViewState":{"showFog":true,"showMaterialUpdate":false,"showSkybox":true,"showFlares":true,"showImageEffects":true,"showParticleSystems":true},"in2DMode":false,"pivot":{"x":17.331239700317384,"y":1.1927433013916016,"z":-169.75038146972657},"rotation":{"x":0.03557033836841583,"y":0.9471780061721802,"z":-0.29800692200660708,"w":0.11305113136768341},"size":27.77719497680664,"orthographic":false}