{"cameraMode":{"drawMode":0,"name":"Shaded","section":"Shading Mode"},"sceneLighting":false,"audioPlay":false,"sceneViewState":{"showFog":true,"showMaterialUpdate":false,"showSkybox":true,"showFlares":true,"showImageEffects":true,"showParticleSystems":true},"in2DMode":false,"pivot":{"x":2.6436047554016115,"y":-26.286691665649415,"z":-2.475372314453125},"rotation":{"x":0.224140465259552,"y":0.7431380152702332,"z":-0.5542484521865845,"w":0.30052557587623598},"size":42.475399017333987,"orthographic":false}