{"cameraMode":{"drawMode":0,"name":"Shaded","section":"Shading Mode"},"sceneLighting":false,"audioPlay":false,"sceneViewState":{"showFog":true,"showMaterialUpdate":false,"showSkybox":true,"showFlares":true,"showImageEffects":true,"showParticleSystems":true},"in2DMode":false,"pivot":{"x":-35.54875946044922,"y":5.824334144592285,"z":-225.07635498046876},"rotation":{"x":0.224140465259552,"y":0.7431380152702332,"z":-0.5542484521865845,"w":0.30052557587623598},"size":40.786643981933597,"orthographic":false}