{"cameraMode":{"drawMode":0,"name":"Shaded","section":"Shading Mode"},"sceneLighting":false,"audioPlay":false,"sceneViewState":{"showFog":true,"showMaterialUpdate":false,"showSkybox":true,"showFlares":true,"showImageEffects":true,"showParticleSystems":true},"in2DMode":false,"pivot":{"x":-115.21150970458985,"y":6.507998466491699,"z":-240.38912963867188},"rotation":{"x":0.02820580080151558,"y":0.9244225025177002,"z":-0.37387797236442568,"w":0.06973370909690857},"size":8.203744888305664,"orthographic":false}