{"cameraMode":{"drawMode":0,"name":"Shaded","section":"Shading Mode"},"sceneLighting":false,"audioPlay":false,"sceneViewState":{"showFog":true,"showMaterialUpdate":false,"showSkybox":true,"showFlares":true,"showImageEffects":true,"showParticleSystems":true},"in2DMode":false,"pivot":{"x":194.6670379638672,"y":4.520102024078369,"z":-237.6461944580078},"rotation":{"x":-0.03252941370010376,"y":0.8886783719062805,"z":-0.4528992772102356,"w":-0.06383444368839264},"size":6.056297302246094,"orthographic":false}