{"cameraMode":{"drawMode":0,"name":"Shaded","section":"Shading Mode"},"sceneLighting":false,"audioPlay":false,"sceneViewState":{"showFog":true,"showMaterialUpdate":false,"showSkybox":true,"showFlares":true,"showImageEffects":true,"showParticleSystems":true},"in2DMode":false,"pivot":{"x":215.027099609375,"y":5.552618980407715,"z":-242.96095275878907},"rotation":{"x":-0.03616352751851082,"y":0.9139714241027832,"z":-0.3954240083694458,"w":-0.08359675109386444},"size":7.860702991485596,"orthographic":false}