{"cameraMode":{"drawMode":0,"name":"Shaded","section":"Shading Mode"},"sceneLighting":false,"audioPlay":false,"sceneViewState":{"showFog":true,"showMaterialUpdate":false,"showSkybox":true,"showFlares":true,"showImageEffects":true,"showParticleSystems":true},"in2DMode":false,"pivot":{"x":-69.281005859375,"y":5.806275367736816,"z":160.11708068847657},"rotation":{"x":0.03557033836841583,"y":0.9471780061721802,"z":-0.29800692200660708,"w":0.11305113136768341},"size":34.109214782714847,"orthographic":false}