{"cameraMode":{"drawMode":0,"name":"Shaded","section":"Shading Mode"},"sceneLighting":false,"audioPlay":false,"sceneViewState":{"showFog":true,"showMaterialUpdate":false,"showSkybox":true,"showFlares":true,"showImageEffects":true,"showParticleSystems":true},"in2DMode":false,"pivot":{"x":0.0,"y":-0.10181823372840882,"z":5.960464477539063e-8},"rotation":{"x":-0.15565282106399537,"y":0.01984374411404133,"z":-0.003128889249637723,"w":-0.9876075387001038},"size":1.408891201019287,"orthographic":false}