{"cameraMode":{"drawMode":0,"name":"Shaded","section":"Shading Mode"},"sceneLighting":false,"audioPlay":false,"sceneViewState":{"showFog":true,"showMaterialUpdate":false,"showSkybox":true,"showFlares":true,"showImageEffects":true,"showParticleSystems":true},"in2DMode":false,"pivot":{"x":36.01776885986328,"y":6.389721870422363,"z":-154.20846557617188},"rotation":{"x":-0.08043254166841507,"y":0.9091275930404663,"z":-0.35190698504447939,"w":-0.20779594779014588},"size":12.552349090576172,"orthographic":false}