{"cameraMode":{"drawMode":0,"name":"Shaded","section":"Shading Mode"},"sceneLighting":true,"audioPlay":false,"sceneViewState":{"showFog":true,"showMaterialUpdate":false,"showSkybox":true,"showFlares":true,"showImageEffects":true,"showParticleSystems":true},"in2DMode":false,"pivot":{"x":1.3258188962936402,"y":0.6199336051940918,"z":-0.7898032069206238},"rotation":{"x":-0.24935616552829743,"y":0.37975433468818667,"z":-0.10707394033670426,"w":-0.8843887448310852},"size":4.726487636566162,"orthographic":false}