{"cameraMode":{"drawMode":0,"name":"Shaded","section":"Shading Mode"},"sceneLighting":false,"audioPlay":false,"sceneViewState":{"showFog":true,"showMaterialUpdate":false,"showSkybox":true,"showFlares":true,"showImageEffects":true,"showParticleSystems":true},"in2DMode":false,"pivot":{"x":-93.30740356445313,"y":7.291816234588623,"z":-240.8091278076172},"rotation":{"x":-0.2139083594083786,"y":0.7800014615058899,"z":-0.3570951819419861,"w":-0.46725165843963625},"size":25.05513572692871,"orthographic":false}