{"cameraMode":{"drawMode":0,"name":"Shaded","section":"Shading Mode"},"sceneLighting":false,"audioPlay":false,"sceneViewState":{"showFog":true,"showMaterialUpdate":false,"showSkybox":true,"showFlares":true,"showImageEffects":true,"showParticleSystems":true},"in2DMode":false,"pivot":{"x":-158.08375549316407,"y":6.328712463378906,"z":-66.54183197021485},"rotation":{"x":0.224140465259552,"y":0.7431380152702332,"z":-0.5542484521865845,"w":0.30052557587623598},"size":13.146194458007813,"orthographic":false}