{"cameraMode":{"drawMode":0,"name":"Shaded","section":"Shading Mode"},"sceneLighting":false,"audioPlay":false,"sceneViewState":{"showFog":true,"showMaterialUpdate":false,"showSkybox":true,"showFlares":true,"showImageEffects":true,"showParticleSystems":true},"in2DMode":false,"pivot":{"x":-10.320638656616211,"y":6.380000114440918,"z":-191.39126586914063},"rotation":{"x":-0.3044995665550232,"y":0.6372863054275513,"z":-0.30340301990509035,"w":-0.6396036148071289},"size":21.521930694580079,"orthographic":false}